year,AverageTemperature,AverageTemperatureUncertainty
1845,25.962444444444444,1.3752222222222223
1846,26.57525,1.3211666666666666
1847,25.94125,1.4031666666666667
1848,26.093999999999998,1.298
1849,26.042916666666667,1.209
1850,26.042416666666668,1.2604166666666667
1851,26.0065,1.2510000000000001
1852,26.028499999999998,1.1221666666666668
1853,26.099166666666665,1.1473333333333333
1854,26.138583333333333,1.2344166666666667
1855,26.24891666666667,1.23925
1856,25.853916666666667,1.2115
1857,25.75583333333333,1.2023333333333335
1858,26.040333333333333,1.25
1859,26.181916666666666,1.2235833333333332
1860,26.057083333333335,1.1779166666666667
1861,25.938666666666666,1.2253333333333334
1862,25.648,1.2549166666666667
1863,26.045666666666666,1.36
1864,25.983416666666667,1.2538333333333334
1865,26.128416666666666,1.1748333333333332
1866,26.252499999999998,1.1618333333333333
1867,26.401416666666666,1.23125
1868,26.209500000000002,1.1735
1869,26.453166666666664,1.1883333333333332
1870,26.179916666666667,1.1704166666666667
1871,26.174083333333332,1.1329166666666666
1872,26.18433333333333,1.2585
1873,26.358416666666667,1.1498333333333333
1874,26.349166666666665,1.1355833333333332
1875,25.840333333333334,1.1206666666666667
1876,26.01516666666667,1.1716666666666666
1877,26.54716666666667,1.2249999999999999
1878,26.842,1.1669166666666666
1879,26.102833333333333,1.1270833333333334
1880,26.0515,1.13325
1881,26.296333333333333,1.1154166666666667
1882,26.0655,1.1181666666666665
1883,25.953083333333336,1.1035833333333331
1884,25.76591666666667,1.1244166666666666
1885,25.575000000000003,1.2865000000000002
1886,25.824416666666668,1.14275
1887,25.952416666666664,1.06825
1888,26.21066666666667,1.06025
1889,26.284916666666664,1.0478333333333334
1890,25.863916666666668,1.093
1891,25.924000000000003,0.9504166666666666
1892,25.956833333333336,0.9680833333333334
1893,25.873333333333335,0.9135
1894,26.109916666666667,0.8774166666666666
1895,26.22758333333333,1.00775
1896,26.27625,0.801
1897,26.24383333333333,0.8948333333333333
1898,26.18466666666667,0.8413333333333334
1899,25.982416666666666,1.1500833333333333
1900,26.6825,1.0168333333333333
1901,26.582916666666666,0.9119166666666668
1902,26.277916666666666,0.8703333333333333
1903,26.43858333333333,0.8220000000000001
1904,25.712166666666665,0.8043333333333335
1905,26.377250000000004,0.69925
1906,26.117250000000002,0.7381666666666667
1907,26.244416666666666,0.9266666666666666
1908,26.55016666666667,0.8501666666666666
1909,26.444166666666664,0.7966666666666667
1910,26.143583333333336,0.6319166666666667
1911,26.13008333333333,0.6629166666666667
1912,26.210333333333335,0.5958333333333333
1913,26.114416666666667,0.6018333333333333
1914,26.45675,0.6223333333333333
1915,26.95375,0.5838333333333333
1916,26.198999999999998,0.49333333333333335
1917,25.74291666666667,0.5636666666666666
1918,25.952083333333334,0.5651666666666667
1919,26.70358333333333,0.5709166666666666
1920,26.244583333333335,0.6550833333333334
1921,26.01008333333333,0.46
1922,26.170833333333334,0.46408333333333335
1923,26.153833333333335,0.5465
1924,26.359416666666664,0.5956666666666667
1925,26.282833333333333,0.5891666666666667
1926,26.7005,0.4891666666666667
1927,26.568583333333333,0.33274999999999993
1928,26.71975,0.42050000000000004
1929,26.28625,0.6497499999999999
1930,26.65125,0.432
1931,26.916833333333333,0.41924999999999996
1932,26.826166666666666,0.6629166666666667
1933,26.401416666666666,0.49124999999999996
1934,26.21825,0.5585833333333333
1935,26.52025,0.5235
1936,26.72066666666667,0.6958333333333333
1937,26.825583333333338,0.5040833333333333
1938,26.712333333333333,0.5495
1939,26.56358333333333,0.49849999999999994
1940,26.849500000000003,0.5466666666666667
1941,27.0775,0.5265833333333333
1942,26.842083333333335,0.5685833333333333
1943,26.382666666666665,0.5693333333333334
1944,26.50883333333333,0.5404166666666667
1945,26.512333333333334,0.55125
1946,26.567833333333336,0.6540833333333333
1947,26.517833333333332,0.6019166666666667
1948,26.48075,0.5115833333333334
1949,26.297083333333333,0.6110833333333333
1950,26.43641666666667,0.476
1951,26.803749999999997,0.36999999999999994
1952,26.744333333333334,0.2690833333333333
1953,26.90025,0.32666666666666666
1954,26.7075,0.4018333333333333
1955,26.622666666666664,0.3315
1956,26.613416666666666,0.3784166666666666
1957,26.790499999999998,0.4394166666666666
1958,27.29816666666667,0.46399999999999997
1959,26.786583333333336,0.4499166666666667
1960,26.76,0.55025
1961,26.6865,0.4950833333333333
1962,26.78725,0.43724999999999997
1963,26.84725,0.54775
1964,26.62675,0.482
1965,26.724833333333333,0.45966666666666667
1966,26.934583333333336,0.4364166666666667
1967,26.532083333333333,0.6379166666666667
1968,26.574749999999998,0.5563333333333333
1969,27.08775,0.6270833333333333
1970,26.88591666666667,0.57225
1971,26.36491666666667,0.5581666666666667
1972,26.683666666666667,0.5741666666666666
1973,26.76075,0.34025
1974,26.255916666666668,0.3441666666666667
1975,26.30858333333333,0.32616666666666666
1976,26.535,0.4225833333333333
1977,26.70075,0.32258333333333333
1978,26.845333333333333,0.34725
1979,26.956416666666666,0.27825
1980,27.074749999999998,0.329
1981,27.167416666666668,0.33641666666666664
1982,26.921833333333336,0.3130833333333333
1983,27.309749999999998,0.3085833333333333
1984,26.620500000000003,0.29916666666666664
1985,26.481416666666664,0.33241666666666664
1986,26.7205,0.26858333333333334
1987,27.462500000000002,0.27166666666666667
1988,26.972166666666666,0.31816666666666665
1989,26.646,0.29816666666666664
1990,27.117583333333332,0.28933333333333333
1991,27.037000000000003,0.3043333333333333
1992,27.176333333333332,0.36999999999999994
1993,27.067666666666668,0.3518333333333333
1994,26.966333333333335,0.2643333333333333
1995,27.251083333333337,0.2565
1996,27.222166666666666,0.35591666666666666
1997,27.417166666666663,0.35191666666666666
1998,27.951083333333333,0.2333333333333333
1999,27.296916666666664,0.2820833333333333
2000,27.098333333333333,0.31575
2001,27.231333333333335,0.29841666666666666
2002,27.575999999999997,0.43816666666666665
2003,27.454166666666666,0.41425
2004,27.38591666666667,0.39808333333333334
2005,27.724500000000003,0.41983333333333334
2006,27.44825,0.4246666666666667
2007,27.55258333333333,0.5489166666666666
2008,27.211,0.3586666666666667
2009,27.483249999999998,0.6510833333333333
2010,27.841166666666666,0.33666666666666667
2011,27.4085,0.4453333333333333
2012,27.45025,0.41916666666666663
2013,27.673000000000002,0.59225
