month,AverageTemperature,AverageTemperatureUncertainty
1,26.0978224852071,0.790792899408284
2,26.399402366863903,0.7800295857988165
3,26.815147928994083,0.8238816568047337
4,26.64810059171598,0.7524556213017752
5,26.40965476190476,0.7034761904761905
6,26.179190476190477,0.7007321428571428
7,26.270285714285716,0.6619761904761905
8,26.61220833333333,0.6303988095238096
9,26.772443113772454,0.5779221556886228
10,26.888186746987955,0.639144578313253
11,26.98256626506024,0.6513072289156627
12,26.444409638554216,0.7160481927710843
